{
    "version": "1.0",
    "author": "pit-ray",
    "support": ["en", "ja"],
    "root": {
        "notify": {
            "preferences": {
                "en": "Preferences",
                "ja": "設定",

                "settings": {
                    "en": "Settings",
                    "ja": "詳細設定",

                    "common": {
                        "en": "Common",
                        "ja": "共通設定"
                    },
                    "options": {
                        "en": "Options",
                        "ja": "オプション"
                    },
                    "move_cursor": {
                        "en": "Move Cursor",
                        "ja": "カーソルの移動"
                    },
                    "scroll_page": {
                        "en": "Scroll Page",
                        "ja": "スクロール"
                    },
                    "virtual_cmdline": {
                        "en": "Virtual Command Line",
                        "ja": "仮想コマンドライン"
                    }
                },
                "bindings": {
                    "en": "Bindings",
                    "ja": "バイディング",

                    "id": {
                        "en": "Identifier: ",
                        "ja": "識別子: "
                    },
                    "keys": {
                        "en": "HotKeys",
                        "ja": "ホットキー"
                    },
                    "cmds": {
                        "en": "Commands",
                        "ja": "コマンド"
                    }
                },
                "exapps": {
                    "en": "Shortcut Apps",
                    "ja": "アプリのショートカット",

                    "console": {
                        "en": "Console",
                        "ja": "コンソール"
                    },
                    "name": {
                        "en": "Name",
                        "ja": "名前"
                    },
                    "path": {
                        "en": "Path",
                        "ja": "ファイルの場所"
                    }
                },
                "options": {
                    "en": "Options",
                    "ja": "オプション",

                    "options": {
                        "en": "Optionss Switch",
                        "ja": "オプションの切替"
                    }
                }
            },
            "about": {
                "en": "About",
                "ja": "win-vindについて"
            },
            "exit": {
                "en": "Exit",
                "ja": "終了"
            }
        },
        "buttons": {
            "default": {
                "en": "Return to Default",
                "ja": "初期設定に戻す"
            },
            "ok": {
                "en": "OK",
                "ja": "OK"
            },
            "cancel": {
                "en": "Cancel",
                "ja": "キャンセル"
            },
            "apply": {
                "en": "Apply",
                "ja": "適用"
            },
            "add": {
                "en": "Add",
                "ja": "追加"
            },
            "del": {
                "en": "Delete",
                "ja": "削除"
            }
        }
    }
}
