[
    {
        "name": "change_to_normal",
        "guin": ["<Esc-Left>", "<Esc-Right>", "<Esc-Up>", "<Esc-Down>", "<F9>"],
        "guii": ["<guin>"],
        "guiv": ["<guin>"],
        "edin": ["<guin>"],
        "edii": ["<guin>"],
        "ediv": ["<guin>"],
        "edivl": ["<guin>"],
        "cmd": [],
        "en": "Normal Mode",
        "ja": "ノーマルモード"
    },
    {
        "name": "change_to_insert",
        "guin": ["i"],
        "guii": [],
        "guiv": [],
        "edin": [],
        "edii": [],
        "ediv": [],
        "edivl": [],
        "cmd": [],
        "en": "Insert Mode",
        "ja": "インサートモード"
    },
    {
        "name": "change_to_visual",
        "guin": ["v"],
        "guii": [],
        "guiv": [],
        "edin": [],
        "edii": [],
        "ediv": [],
        "edivl": [],
        "cmd": [],
        "en": "Visual Mode",
        "ja": "ヴィジュアルモード"
    },
    {
        "name": "command_mode",
        "guin": [":"],
        "guii": [],
        "guiv": [],
        "edin": ["<guin>"],
        "edii": [],
        "ediv": ["<guin>"],
        "edivl": ["<guin>"],
        "cmd": [],
        "en": "Command Mode",
        "ja": "コマンドモード"
    },
    {
        "name": "select_all",
        "guin": ["V"],
        "guii": [],
        "guiv": [],
        "edin": [],
        "edii": [],
        "ediv": [],
        "edivl": [],
        "cmd": [],
        "en": "Select All",
        "ja": "全て選択"
    },
    {
        "name": "move_left",
        "guin": ["h", "<C-h>", "<BS>", "<Left>"],
        "guii": [],
        "guiv": ["<guin>"],
        "edin": [],
        "edii": [],
        "ediv": [],
        "edivl": [],
        "cmd": [],
        "en": "Move Cursor Left",
        "ja": "左へカーソル移動"
    },
    {
        "name": "move_right",
        "guin": ["l", "<Space>", "<Right>"],
        "guii": [],
        "guiv": ["<guin>"],
        "edin": [],
        "edii": [],
        "ediv": [],
        "edivl": [],
        "cmd": [],
        "en": "Move Cursor Right",
        "ja": "右へカーソル移動"
    },
    {
        "name": "move_up",
        "guin": ["k", "-", "gk", "<C-p>", "<Up>"],
        "guii": [],
        "guiv": ["<guin>"],
        "edin": [],
        "edii": [],
        "ediv": [],
        "edivl": [],
        "cmd": [],
        "en": "Move Cursor Up",
        "ja": "上へカーソル移動"
    },
    {
        "name": "move_down",
        "guin": ["j", "+", "gj", "<C-n>", "<Down>", "<Enter>", "<C-m>"],
        "guii": [],
        "guiv": ["<guin>"],
        "edin": [],
        "edii": [],
        "ediv": [],
        "edivl": [],
        "cmd": [],
        "en": "Move Cursor Down",
        "ja": "下へカーソル移動"
    },
    {
        "name": "jump_to_left",
        "guin": ["0", "^", "<Home>", "g0", "g^"],
        "guii": [],
        "guiv": ["<guin>"],
        "edin": [],
        "edii": [],
        "ediv": [],
        "edivl": [],
        "cmd": [],
        "en": "Jump Cursor to Left",
        "ja": "左端へカーソル移動"
    },
    {
        "name": "jump_to_right",
        "guin": ["$", "<End>", "g$"],
        "guii": [],
        "guiv": ["<guin>"],
        "edin": [],
        "edii": [],
        "ediv": [],
        "edivl": [],
        "cmd": [],
        "en": "Jump Cursor to Right",
        "ja": "右端へカーソル移動"
    },
    {
        "name": "jump_to_top",
        "guin": ["gg"],
        "guii": [],
        "guiv": ["<guin>"],
        "edin": [],
        "edii": [],
        "ediv": [],
        "edivl": [],
        "cmd": [],
        "en": "Jump Cursor to Top",
        "ja": "上端へカーソル移動"
    },
    {
        "name": "jump_to_bottom",
        "guin": ["G"],
        "guii": [],
        "guiv": ["<guin>"],
        "edin": [],
        "edii": [],
        "ediv": [],
        "edivl": [],
        "cmd": [],
        "en": "Jump Cursor to Bottom",
        "ja": "下端へカーソル移動"
    },
    {
        "name": "jump_to_xcenter",
        "guin": ["gm", "gM"],
        "guii": [],
        "guiv": ["<guin>"],
        "edin": [],
        "edii": [],
        "ediv": [],
        "edivl": [],
        "cmd": [],
        "en": "Jump Cursor to Horizontal Center",
        "ja": "横中央へカーソル移動"
    },
    {
        "name": "jump_to_ycenter",
        "guin": ["M"],
        "guii": [],
        "guiv": ["<guin>"],
        "edin": [],
        "edii": [],
        "ediv": [],
        "edivl": [],
        "cmd": [],
        "en": "Jump Cursor to Vertical Center",
        "ja": "縦中央へカーソル移動"
    },
    {
        "name": "jump_to_any",
        "guin": ["f"],
        "guii": [],
        "guiv": ["<guin>"],
        "edin": [],
        "edii": [],
        "ediv": [],
        "edivl": [],
        "cmd": [],
        "en": "Jump Cursor by Keyboard Mapping",
        "ja": "キー配置でカーソル移動"
    },
    {
        "name": "jump_to_active_window",
        "guin": ["t", "T"],
        "guii": [],
        "guiv": [],
        "edin": [],
        "edii": [],
        "ediv": [],
        "edivl": [],
        "cmd": [],
        "en": "Jump Cursor to Selected Window",
        "ja": "選択ウィンドウへカーソル移動"
    },
    {
        "name": "scroll_up",
        "guin": ["<C-y>", "<C-k>"],
        "guii": [],
        "guiv": ["<guin>"],
        "edin": ["<guin>"],
        "edii": [],
        "ediv": ["<guin>"],
        "edivl": ["<guin>"],
        "cmd": [],
        "en": "Scroll Up",
        "ja": "上スクロール"
    },
    {
        "name": "scroll_down",
        "guin": ["<C-e>", "<C-j>"],
        "guii": [],
        "guiv": ["<guin>"],
        "edin": ["<guin>"],
        "edii": [],
        "ediv": ["<guin>"],
        "edivl": ["<guin>"],
        "cmd": [],
        "en": "Scroll Down",
        "ja": "下スクロール"
    },
    {
        "name": "scroll_mid_up",
        "guin": ["<C-u>"],
        "guii": [],
        "guiv": ["<guin>"],
        "edin": ["<guin>"],
        "edii": [],
        "ediv": ["<guin>"],
        "edivl": ["<guin>"],
        "cmd": [],
        "en": "Scroll Half Page Up",
        "ja": "上スクロール(ページ半分)"
    },
    {
        "name": "scroll_mid_down",
        "guin": ["<C-d>"],
        "guii": [],
        "guiv": ["<guin>"],
        "edin": ["<guin>"],
        "edii": [],
        "ediv": ["<guin>"],
        "edivl": ["<guin>"],
        "cmd": [],
        "en": "Scroll Half Page Down",
        "ja": "下スクロール(ページ半分)"
    },
    {
        "name": "scroll_page_up",
        "guin": ["<C-b>"],
        "guii": [],
        "guiv": ["<guin>"],
        "edin": ["<guin>"],
        "edii": [],
        "ediv": ["<guin>"],
        "edivl": ["<guin>"],
        "cmd": [],
        "en": "Scroll Page Up",
        "ja": "上スクロール(1ページ分)"
    },
    {
        "name": "scroll_page_down",
        "guin": ["<C-f>"],
        "guii": [],
        "guiv": ["<guin>"],
        "edin": ["<guin>"],
        "edii": [],
        "ediv": ["<guin>"],
        "edivl": ["<guin>"],
        "cmd": [],
        "en": "Scroll Page Down",
        "ja": "下スクロール(1ページ分)"
    },
    {
        "name": "scroll_left",
        "guin": ["zh", "<C-h>"],
        "guii": [],
        "guiv": ["<guin>"],
        "edin": ["<guin>"],
        "edii": [],
        "ediv": ["<guin>"],
        "edivl": ["<guin>"],
        "cmd": [],
        "en": "Scroll Left",
        "ja": "左スクロール"
    },
    {
        "name": "scroll_right",
        "guin": ["zl", "<C-l>"],
        "guii": [],
        "guiv": ["<guin>"],
        "edin": ["<guin>"],
        "edii": [],
        "ediv": ["<guin>"],
        "edivl": ["<guin>"],
        "cmd": [],
        "en": "Scroll Right",
        "ja": "右スクロール"
    },
    {
        "name": "scroll_mid_left",
        "guin": ["zH"],
        "guii": [],
        "guiv": ["<guin>"],
        "edin": ["<guin>"],
        "edii": [],
        "ediv": ["<guin>"],
        "edivl": ["<guin>"],
        "cmd": [],
        "en": "Scroll Half Page Left",
        "ja": "左スクロール(ページ半分)"
    },
    {
        "name": "scroll_mid_right",
        "guin": ["zL"],
        "guii": [],
        "guiv": ["<guin>"],
        "edin": ["<guin>"],
        "edii": [],
        "ediv": ["<guin>"],
        "edivl": ["<guin>"],
        "cmd": [],
        "en": "Scroll Half Page Right",
        "ja": "右スクロール(ページ半分)"
    },
    {
        "name": "click_left",
        "guin": ["o", "O"],
        "guii": [],
        "guiv": [],
        "edin": [],
        "edii": [],
        "ediv": [],
        "edivl": [],
        "cmd": [],
        "en": "Left Click",
        "ja": "左クリック"
    },
    {
        "name": "click_right",
        "guin": ["a", "A"],
        "guii": [],
        "guiv": [],
        "edin": [],
        "edii": [],
        "ediv": [],
        "edivl": [],
        "cmd": [],
        "en": "Right Click",
        "ja": "右クリック"
    },
    {
        "name": "cb_copy",
        "guin": ["y", "yy", "Y"],
        "guii": [],
        "guiv": ["<guin>"],
        "edin": [],
        "edii": [],
        "ediv": [],
        "edivl": [],
        "cmd": [],
        "en": "Copy",
        "ja": "コピー"
    },
    {
        "name": "cb_paste",
        "guin": ["p", "P"],
        "guii": [],
        "guiv": ["<guin>"],
        "edin": [],
        "edii": [],
        "ediv": [],
        "edivl": [],
        "cmd": [],
        "en": "Paste",
        "ja": "貼り付け"
    },
    {
        "name": "cb_cut",
        "guin": ["dd", "D"],
        "guii": [],
        "guiv": ["<guin>"],
        "edin": [],
        "edii": [],
        "ediv": [],
        "edivl": [],
        "cmd": [],
        "en": "Cut",
        "ja": "切り取り"
    },
    {
        "name": "cb_delete",
        "guin": ["x", "<Del>"],
        "guii": [],
        "guiv": ["<guin>"],
        "edin": [],
        "edii": [],
        "ediv": [],
        "edivl": [],
        "cmd": [],
        "en": "Delete",
        "ja": "削除"
    },
    {
        "name": "cb_back_space",
        "guin": ["X"],
        "guii": [],
        "guiv": ["<guin>"],
        "edin": [],
        "edii": [],
        "ediv": [],
        "edivl": [],
        "cmd": [],
        "en": "BackSpace",
        "ja": "バックスペース"
    },
    {
        "name": "sc_redo",
        "guin": ["<C-r>"],
        "guii": [],
        "guiv": [],
        "edin": ["<guin>"],
        "edii": [],
        "ediv": [],
        "edivl": [],
        "cmd": [],
        "en": "Redo",
        "ja": "やり直す"
    },
    {
        "name": "sc_undo",
        "guin": ["u", "U"],
        "guii": [],
        "guiv": [],
        "edin": ["<guin>"],
        "edii": [],
        "ediv": [],
        "edivl": [],
        "cmd": [],
        "en": "Undo",
        "ja": "元に戻す"
    },
    {
        "name": "switch_to_left_vdesktop",
        "guin": ["<C-v>h"],
        "guii": [],
        "guiv": [],
        "edin": [],
        "edii": [],
        "ediv": [],
        "edivl": [],
        "cmd": [],
        "en": "Switch to Left Virtual Desktop",
        "ja": "左の仮想デスクトップへ切替"
    },
    {
        "name": "switch_to_right_vdesktop",
        "guin": ["<C-v>l"],
        "guii": [],
        "guiv": [],
        "edin": [],
        "edii": [],
        "ediv": [],
        "edivl": [],
        "cmd": [],
        "en": "Switch to Right Virtual Desktop",
        "ja": "右の仮想デスクトップへ切替"
    },
    {
        "name": "create_new_vdesktop",
        "guin": ["<C-v>n", "<C-v>c"],
        "guii": [],
        "guiv": [],
        "edin": [],
        "edii": [],
        "ediv": [],
        "edivl": [],
        "cmd": [],
        "en": "Entereate New Virtual Desktop",
        "ja": "新しい仮想デスクトップを作成"
    },
    {
        "name": "close_current_vdesktop",
        "guin": ["<C-v>q"],
        "guii": [],
        "guiv": [],
        "edin": [],
        "edii": [],
        "ediv": [],
        "edivl": [],
        "cmd": [],
        "en": "Close Current Virtual Desktop",
        "ja": "現在の仮想デスクトップを閉じる"
    },
    {
        "name": "task_view",
        "guin": ["<C-v>s"],
        "guii": [],
        "guiv": [],
        "edin": [],
        "edii": [],
        "ediv": [],
        "edivl": [],
        "cmd": ["taskview", "tv", "vdesktop list"],
        "en": "Task View",
        "ja": "タスクビュー"
    },
    {
        "name": "switch_to_left_tab",
        "guin": ["gT"],
        "guii": [],
        "guiv": [],
        "edin": [],
        "edii": [],
        "ediv": [],
        "edivl": [],
        "cmd": ["tabprevious"],
        "en": "Switch to Left Tab",
        "ja": "左のタブへ切替"
    },
    {
        "name": "switch_to_right_tab",
        "guin": ["gt"],
        "guii": [],
        "guiv": [],
        "edin": [],
        "edii": [],
        "ediv": [],
        "edivl": [],
        "cmd": ["tabnext"],
        "en": "Switch to Right Tab",
        "ja": "右のタブへ切替"
    },
    {
        "name": "open_new_tab",
        "guin": [],
        "guii": [],
        "guiv": [],
        "edin": [],
        "edii": [],
        "ediv": [],
        "edivl": [],
        "cmd": ["tabnew"],
        "en": "Open New Tab",
        "ja": "新しいタブを開く"
    },
    {
        "name": "search_pattern",
        "guin": ["/", "?"],
        "guii": [],
        "guiv": [],
        "edin": [],
        "edii": [],
        "ediv": [],
        "edivl": [],
        "cmd": [],
        "en": "Search Pattern",
        "ja": "文字検索"
    },
    {
        "name": "close_current_window",
        "guin": ["<C-w>q", "<C-w>c"],
        "guii": [],
        "guiv": [],
        "edin": [],
        "edii": [],
        "ediv": [],
        "edivl": [],
        "cmd": ["cl", "close"],
        "en": "Close Current Window",
        "ja": "ウィンドウを閉じる"
    },
    {
        "name": "switch_window",
        "guin": ["<C-w>s"],
        "guii": [],
        "guiv": [],
        "edin": [],
        "edii": [],
        "ediv": [],
        "edivl": [],
        "cmd": ["sw", "switch"],
        "en": "Switch Window",
        "ja": "ウィンドウを切替"
    },
    {
        "name": "maximize_current_window",
        "guin": ["<C-w>k", "<C-w>a"],
        "guii": [],
        "guiv": [],
        "edin": [],
        "edii": [],
        "ediv": [],
        "edivl": [],
        "cmd": ["max", "on", "only"],
        "en": "Maximize Current Window",
        "ja": "ウィンドウを最大化"
    },
    {
        "name": "minimize_current_window",
        "guin": ["<C-w>j", "<C-w>i"],
        "guii": [],
        "guiv": [],
        "edin": [],
        "edii": [],
        "ediv": [],
        "edivl": [],
        "cmd": ["min", "hi", "hide"],
        "en": "Minimize Current Window",
        "ja": "ウィンドウを最小化"
    },
    {
        "name": "snap_current_window_to_left",
        "guin": ["<C-w>h", "<C-w>H", "<C-w><lt>", "<C-w><Left>"],
        "guii": [],
        "guiv": [],
        "edin": [],
        "edii": [],
        "ediv": [],
        "edivl": [],
        "cmd": ["lsplit", "lsp", "wl"],
        "en": "Snap Current Window to Left",
        "ja": "ウィンドウを画面左半分化"
    },
    {
        "name": "snap_current_window_to_right",
        "guin": ["<C-w>l", "<C-w>L", "<C-w><gt>", "<C-w><Right>"],
        "guii": [],
        "guiv": [],
        "edin": [],
        "edii": [],
        "ediv": [],
        "edivl": [],
        "cmd": ["rsplit", "rsp", "wh"],
        "en": "Snap Current Window to Right",
        "ja": "ウィンドウを画面右半分化"
    },
    {
        "name": "open_new_current_window",
        "guin": ["<C-w>n"],
        "guii": [],
        "guiv": [],
        "edin": [],
        "edii": [],
        "ediv": [],
        "edivl": [],
        "cmd": ["new"],
        "en": "Open New Window",
        "ja": "新しいウィンドウを開く"
    },
    {
        "name": "move_to_next_page",
        "guin": ["<gt>"],
        "guii": [],
        "guiv": [],
        "edin": [],
        "edii": [],
        "ediv": [],
        "edivl": [],
        "cmd": [],
        "en": "Forward Next Page",
        "ja": "次のページへ進む"
    },
    {
        "name": "move_to_prev_page",
        "guin": ["<lt>"],
        "guii": [],
        "guiv": [],
        "edin": [],
        "edii": [],
        "ediv": [],
        "edivl": [],
        "cmd": [],
        "en": "Backward Previous Page",
        "ja": "前のページへ戻る"
    },
    {
        "name": "save_opened_file",
        "guin": [],
        "guii": [],
        "guiv": [],
        "edin": [],
        "edii": [],
        "ediv": [],
        "edivl": [],
        "cmd": ["w", "w_f", "w_a", "w_c", "up", "wall"],
        "en": "Save File",
        "ja": "ファイルを保存"
    },
    {
        "name": "close_opened_file",
        "guin": [],
        "guii": [],
        "guiv": [],
        "edin": [],
        "edii": [],
        "ediv": [],
        "edivl": [],
        "cmd": ["q", "qa", "q!", "qa!", "tabclose"],
        "en": "Close Document(Tab)",
        "ja": "ドキュメント(タブ)を閉じる"
    },
    {
        "name": "start_shell",
        "guin": [],
        "guii": [],
        "guiv": [],
        "edin": [],
        "edii": [],
        "ediv": [],
        "edivl": [],
        "cmd": ["sh", "shell", "terminal", "term"],
        "en": "Start Shell",
        "ja": "ターミナル起動"
    },
    {
        "name": "start_explorer",
        "guin": [],
        "guii": [],
        "guiv": [],
        "edin": [],
        "edii": [],
        "ediv": [],
        "edivl": [],
        "cmd": ["ex", "explorer"],
        "en": "Start Explorer",
        "ja": "エクスプローラーを起動"
    },
    {
        "name": "open_start_menu",
        "guin": ["<win>"],
        "guii": [],
        "guiv": [],
        "edin": [],
        "edii": [],
        "ediv": [],
        "edivl": [],
        "cmd": ["win", "start"],
        "en": "Open Start Menu",
        "ja": "スタートメニューを開く"
    },
    {
        "name": "start_any_app",
        "guin": [],
        "guii": [],
        "guiv": [],
        "edin": [],
        "edii": [],
        "ediv": [],
        "edivl": [],
        "cmd": ["!<any>"],
        "en": "Start App",
        "ja": "任意のアプリを実行"
    },
    {
        "name": "show_config_window",
        "guin": [],
        "guii": [],
        "guiv": [],
        "edin": [],
        "edii": [],
        "ediv": [],
        "edivl": [],
        "cmd": ["set", "config"],
        "en": "Config of win-vind",
        "ja": "win-vindの設定"
    },
    {
        "name": "exit_config_window",
        "guin": [],
        "guii": [],
        "guiv": [],
        "edin": [],
        "edii": [],
        "ediv": [],
        "edivl": [],
        "cmd": ["exit"],
        "en": "Exit win-vind",
        "ja": "win-vindを終了する"
    },
    {
        "name": "open_other_file",
        "guin": [],
        "guii": [],
        "guiv": [],
        "edin": [],
        "edii": [],
        "ediv": [],
        "edivl": [],
        "cmd": ["find", "open", "e", "e!", "edit", "edit!"],
        "en": "Open Other File",
        "ja": "ファイルを開く"
    },
    {
        "name": "make_dir",
        "guin": [],
        "guii": [],
        "guiv": [],
        "edin": [],
        "edii": [],
        "ediv": [],
        "edivl": [],
        "cmd": ["mkdir", "md", "mkdir <any>", "md <any>"],
        "en": "Make Directory",
        "ja": "ディレクトリ作成"
    },
    {
        "name": "reload_current_window",
        "guin": [],
        "guii": [],
        "guiv": [],
        "edin": [],
        "edii": [],
        "ediv": [],
        "edivl": [],
        "cmd": ["reload"],
        "en": "Reload Current Window",
        "ja": "ウィンドウを再読み込み"
    },
    {
        "name": "enable_targeting_of_dedicate_to_window",
        "guin": ["<LAlt><LAlt>", "<F2>"],
        "guii": [],
        "guiv": [],
        "edin": ["<guin>"],
        "edii": [],
        "ediv": [],
        "edivl": [],
        "cmd": ["enable d2w", "e d2w", "target", "d2w on", "set d2w"],
        "en": "Enable Targeting",
        "ja": "ターゲティングの有効化"
    },
    {
        "name": "disable_targeting_of_dedicate_to_window",
        "guin": ["<RAlt><RAlt>", "<F10>"],
        "guii": [],
        "guiv": [],
        "edin": ["<guin>"],
        "edii": [],
        "ediv": [],
        "edivl": [],
        "cmd": ["disable d2w", "d d2w", "untarget", "d2w off", "unset d2w"],
        "en": "Disable Targeting",
        "ja": "ターゲティングの無効化"
    },
    {
        "name": "change_to_edi_normal",
        "guin": ["I", "gI"],
        "guii": [],
        "guiv": [],
        "edin": ["<Esc>"],
        "edii": ["<edin>"],
        "ediv": ["<edin>"],
        "edivl": ["<edin>"],
        "cmd": [],
        "en": "Normal Mode",
        "ja": "ノーマルモード"
    },
    {
        "name": "change_to_edi_insert",
        "guin": [],
        "guii": [],
        "guiv": [],
        "edin": ["i"],
        "edii": [],
        "ediv": [],
        "edivl": [],
        "cmd": [],
        "en": "Insert before Caret",
        "ja": "キャレットの前に挿入"
    },
    {
        "name": "change_to_edi_BOLinsert",
        "guin": [],
        "guii": [],
        "guiv": [],
        "edin": ["I", "gI"],
        "edii": [],
        "ediv": [],
        "edivl": [],
        "cmd": [],
        "en": "Insert BOL",
        "ja": "行頭に挿入"
    },
    {
        "name": "change_to_edi_bkinsert",
        "guin": [],
        "guii": [],
        "guiv": [],
        "edin": ["a"],
        "edii": [],
        "ediv": [],
        "edivl": [],
        "cmd": [],
        "en": "Append after Caret",
        "ja": "キャレットの後に追加"
    },
    {
        "name": "change_to_edi_EOLinsert",
        "guin": [],
        "guii": [],
        "guiv": [],
        "edin": ["A"],
        "edii": [],
        "ediv": [],
        "edivl": [],
        "cmd": [],
        "en": "Append EOL",
        "ja": "行末に追加"
    },
    {
        "name": "change_to_edi_nlinsert_below",
        "guin": [],
        "guii": [],
        "guiv": [],
        "edin": ["o"],
        "edii": [],
        "ediv": [],
        "edivl": [],
        "cmd": [],
        "en": "Begin New Line below Caret",
        "ja": "次の行に新しい行を挿入"
    },
    {
        "name": "change_to_edi_nlinsert_above",
        "guin": [],
        "guii": [],
        "guiv": [],
        "edin": ["O"],
        "edii": [],
        "ediv": [],
        "edivl": [],
        "cmd": [],
        "en": "Begin New Line above Caret",
        "ja": "前の行に新しい行を挿入"
    },
    {
        "name": "change_to_edi_visual",
        "guin": [],
        "guii": [],
        "guiv": [],
        "edin": ["v", "<C-v>"],
        "edii": [],
        "ediv": [],
        "edivl": [],
        "cmd": [],
        "en": "Visual Mode",
        "ja": "ヴィジュアルモード"
    },
    {
        "name": "change_to_edi_line_visual",
        "guin": [],
        "guii": [],
        "guiv": [],
        "edin": ["V"],
        "edii": [],
        "ediv": [],
        "edivl": [],
        "cmd": [],
        "en": "Visual-Line Mode",
        "ja": "ヴィジュアルモード(行)"
    },
    {
        "name": "edi_move_caret_left",
        "guin": [],
        "guii": [],
        "guiv": [],
        "edin": ["h", "<C-h>", "<BS>", "<Left>"],
        "edii": [],
        "ediv": ["<edin>"],
        "edivl": ["<edin>"],
        "cmd": [],
        "en": "Move Caret Left",
        "ja": "左へキャレット移動"
    },
    {
        "name": "edi_move_caret_right",
        "guin": [],
        "guii": [],
        "guiv": [],
        "edin": ["l", "<Space>", "<Right>"],
        "edii": [],
        "ediv": ["<edin>"],
        "edivl": ["<edin>"],
        "cmd": [],
        "en": "Move Caret Right",
        "ja": "右へキャレット移動"
    },
    {
        "name": "edi_move_caret_up",
        "guin": [],
        "guii": [],
        "guiv": [],
        "edin": ["k", "-", "gk", "<C-p>", "<Up>"],
        "edii": [],
        "ediv": ["<edin>"],
        "edivl": ["<edin>"],
        "cmd": ["-<num>"],
        "en": "Move Caret Up",
        "ja": "上へキャレット移動"
    },
    {
        "name": "edi_move_caret_down",
        "guin": [],
        "guii": [],
        "guiv": [],
        "edin": ["j", "+", "gj", "<C-n>", "<Down>", "<Enter>", "<C-m>"],
        "edii": [],
        "ediv": ["<edin>"],
        "edivl": ["<edin>"],
        "cmd": ["+<num>"],
        "en": "Move Caret Down",
        "ja": "下へキャレット移動"
    },
    {
        "name": "edi_n_move_caret_words_forward",
        "guin": [],
        "guii": [],
        "guiv": [],
        "edin": ["w"],
        "edii": [],
        "ediv": ["<edin>"],
        "edivl": ["<edin>"],
        "cmd": [],
        "en": "N-words Forward",
        "ja": "次の単語へ進む"
    },
    {
        "name": "edi_n_move_caret_words_backward",
        "guin": [],
        "guii": [],
        "guiv": [],
        "edin": ["b"],
        "edii": [],
        "ediv": ["<edin>"],
        "edivl": ["<edin>"],
        "cmd": [],
        "en": "N-words Backward",
        "ja": "前の単語へ戻る"
    },
    {
        "name": "edi_n_move_caret_WORDS_forward",
        "guin": [],
        "guii": [],
        "guiv": [],
        "edin": ["W"],
        "edii": [],
        "ediv": ["<edin>"],
        "edivl": ["<edin>"],
        "cmd": [],
        "en": "N-WORDS Forward",
        "ja": "次の単語へ進む(空白ベース)"
    },
    {
        "name": "edi_n_move_caret_WORDS_backward",
        "guin": [],
        "guii": [],
        "guiv": [],
        "edin": ["B"],
        "edii": [""],
        "ediv": ["<edin>"],
        "edivl": ["<edin>"],
        "cmd": [],
        "en": "N-WORDS Backward",
        "ja": "前の単語へ戻る(空白ベース)"
    },
    {
        "name": "edi_jump_caret_to_BOL",
        "guin": [],
        "guii": [],
        "guiv": [],
        "edin": ["0", "<Home>", "g0"],
        "edii": [],
        "ediv": ["<edin>"],
        "edivl": ["<edin>"],
        "cmd": [],
        "en": "Jump Caret to BOL",
        "ja": "行頭へキャレット移動"
    },
    {
        "name": "edi_jump_caret_to_EOL",
        "guin": [],
        "guii": [],
        "guiv": [],
        "edin": ["$", "<End>", "g$"],
        "edii": [],
        "ediv": ["<edin>"],
        "edivl": ["<edin>"],
        "cmd": [],
        "en": "Jump Caret to EOL",
        "ja": "行末へキャレット移動"
    },
    {
        "name": "edi_n_jump_caret_to_line_default_BOF",
        "guin": [],
        "guii": [],
        "guiv": [],
        "edin": ["gg"],
        "edii": [],
        "ediv": ["<edin>"],
        "edivl": ["<edin>"],
        "cmd": ["<num>"],
        "en": "Jump Caret to N-Line (BOF)",
        "ja": "N行目にキャレット移動 (BOF)"
    },
    {
        "name": "edi_n_jump_caret_to_line_default_EOF",
        "guin": [],
        "guii": [],
        "guiv": [],
        "edin": ["G"],
        "edii": [],
        "ediv": ["<edin>"],
        "edivl": ["<edin>"],
        "cmd": ["TT<num>AA"],
        "en": "Jump Caret to N-Line (EOF)",
        "ja": "N行目にキャレット移動 (EOF)"
    },
    {
        "name": "edi_copy_highlight_text",
        "guin": [],
        "guii": [],
        "guiv": [],
        "edin": [],
        "edii": [],
        "ediv": ["y"],
        "edivl": ["<ediv>"],
        "cmd": [],
        "en": "Yank Highlighted Text",
        "ja": "選択テキストをヤンク"
    },
    {
        "name": "edi_n_copy_line",
        "guin": [],
        "guii": [],
        "guiv": [],
        "edin": ["yy", "Y"],
        "edii": [],
        "ediv": [],
        "edivl": [],
        "cmd": [],
        "en": "Yank Lines",
        "ja": "行ヤンク"
    },
    {
        "name": "edi_copy_motion",
        "guin": [],
        "guii": [],
        "guiv": [],
        "edin": ["y"],
        "edii": [],
        "ediv": [],
        "edivl": [],
        "cmd": [],
        "en": "Yank By Motion",
        "ja": "移動でヤンク"
    },
    {
        "name": "edi_n_paste_after",
        "guin": [],
        "guii": [],
        "guiv": [],
        "edin": ["p"],
        "edii": [],
        "ediv": [],
        "edivl": [],
        "cmd": [],
        "en": "Put Text after Caret",
        "ja": "後にプット"
    },
    {
        "name": "edi_n_paste_before",
        "guin": [],
        "guii": [],
        "guiv": [],
        "edin": ["P"],
        "edii": [],
        "ediv": [],
        "edivl": [],
        "cmd": [],
        "en": "Put Text before Caret",
        "ja": "前にプット"
    },
    {
        "name": "edi_delete_highlight_text",
        "guin": [],
        "guii": [],
        "guiv": [],
        "edin": [],
        "edii": [],
        "ediv": ["d"],
        "edivl": ["<ediv>"],
        "cmd": [],
        "en": "Delete Highlighted Text",
        "ja": "選択テキストを削除"
    },
    {
        "name": "edi_n_delete_line",
        "guin": [],
        "guii": [],
        "guiv": [],
        "edin": ["dd"],
        "edii": [],
        "ediv": [],
        "edivl": [],
        "cmd": [],
        "en": "Delete Lines",
        "ja": "行削除"
    },
    {
        "name": "edi_n_delete_line_until_EOL",
        "guin": [],
        "guii": [],
        "guiv": [],
        "edin": ["D"],
        "edii": [],
        "ediv": [],
        "edivl": [],
        "cmd": [],
        "en": "Delete Text until EOL",
        "ja": "行末まで削除"
    },
    {
        "name": "edi_n_delete_after",
        "guin": [],
        "guii": [],
        "guiv": [],
        "edin": ["x", "<Del>"],
        "edii": [],
        "ediv": [],
        "edivl": [],
        "cmd": [],
        "en": "Delete Chars after Caret",
        "ja": "次の文字を削除"
    },
    {
        "name": "edi_n_delete_before",
        "guin": [],
        "guii": [],
        "guiv": [],
        "edin": ["X"],
        "edii": [],
        "ediv": [],
        "edivl": [],
        "cmd": [],
        "en": "Delete Chars before Caret",
        "ja": "前の文字を削除"
    },
    {
        "name": "edi_n_remove_EOL",
        "guin": [],
        "guii": [],
        "guiv": [],
        "edin": ["J"],
        "edii": [],
        "ediv": [],
        "edivl": [],
        "cmd": [],
        "en": "Join Next Line",
        "ja": "次の行を行末に結合"
    },
    {
        "name": "edi_n_replace_char",
        "guin": [],
        "guii": [],
        "guiv": [],
        "edin": ["r"],
        "edii": [],
        "ediv": [],
        "edivl": [],
        "cmd": [],
        "en": "Replace Char",
        "ja": "置換"
    },
    {
        "name": "edi_n_replace_sequence",
        "guin": [],
        "guii": [],
        "guiv": [],
        "edin": ["R"],
        "edii": [],
        "ediv": [],
        "edivl": [],
        "cmd": [],
        "en": "Replace Mode",
        "ja": "置換モード"
    },
    {
        "name": "edi_switch_char_case",
        "guin": [],
        "guii": [],
        "guiv": [],
        "edin": ["~"],
        "edii": [],
        "ediv": [],
        "edivl": [],
        "cmd": [],
        "en": "Switch Char Case",
        "ja": "大文字と小文字を切替"
    },
    {
        "name": "edi_delete_motion",
        "guin": [],
        "guii": [],
        "guiv": [],
        "edin": ["d"],
        "edii": [],
        "ediv": [],
        "edivl": [],
        "cmd": [],
        "en": "Delete Text by Motion",
        "jp": "移動でテキストを削除"
    },
    {
        "name": "edi_delete_motion_and_start_insert",
        "guin": [],
        "guii": [],
        "guiv": [],
        "edin": ["c"],
        "edii": [],
        "ediv": [],
        "edivl": [],
        "cmd": [],
        "en": "Delete Text by Motion and Start Insert",
        "jp": "移動でテキストを削除してインサートモード"
    },
    {
        "name": "edi_delete_lines_and_start_insert",
        "guin": [],
        "guii": [],
        "guiv": [],
        "edin": ["cc", "S"],
        "edii": [],
        "ediv": [],
        "edivl": [],
        "cmd": [],
        "en": "Delete Lines And Start Insert",
        "jp": "行を削除してインサートモード"
    },
    {
        "name": "edi_delete_chars_and_start_insert",
        "guin": [],
        "guii": [],
        "guiv": [],
        "edin": ["s"],
        "edii": [],
        "ediv": [],
        "edivl": [],
        "cmd": [],
        "en": "Delete Chars And Start Insert",
        "jp": "文字を削除してインサートモード"
    },
    {
        "name": "edi_delete_until_eol_and_start_insert",
        "guin": [],
        "guii": [],
        "guiv": [],
        "edin": ["C"],
        "edii": [],
        "ediv": [],
        "edivl": [],
        "cmd": [],
        "en": "Delete Until EOL And Start Insert",
        "jp": "行末まで削除してインサートモード"
    },
    {
        "name": "easy_click",
        "guin": ["F"],
        "guii": [],
        "guiv": [],
        "edin": [],
        "edii": [],
        "ediv": [],
        "edivl": [],
        "cmd": ["ec"],
        "en": "EasyClick",
        "jp": "EasyClick"
    },
    {
        "name": "update_easy_click",
        "guin": ["<C-F>"],
        "guii": [],
        "guiv": [],
        "edin": [],
        "edii": [],
        "ediv": [],
        "edivl": [],
        "cmd": ["update EasyClick", "update ec"],
        "en": "Update EasyClick",
        "jp": "Update EasyClick"
    }
]
