[
    {
        "name": "change_to_normal",
        "key": ["Left(+)Esc", "Right(+)Esc", "Up(+)Esc", "Down(+)Esc", "F9"],
        "cmd": [],
        "en": "Normal Mode",
        "ja": "ノーマルモード"
    },
    {
        "name": "change_to_insert",
        "key": ["i"],
        "cmd": [],
        "en": "Insert Mode",
        "ja": "インサートモード"
    },
    {
        "name": "change_to_visual",
        "key": ["v"],
        "cmd": [],
        "en": "Visual Mode",
        "ja": "ヴィジュアルモード"
    },
    {
        "name": "change_to_editor",
        "key": ["I", "g->I"],
        "cmd": [],
        "en": "Editor Mode",
        "ja": "エディタモード"
    },
    {
        "name": "change_to_command",
        "key": [":"],
        "cmd": [],
        "en": "Command Mode",
        "ja": "コマンドモード"
    },
    {
        "name": "select_all",
        "key": ["V"],
        "cmd": [],
        "en": "Select All",
        "ja": "全て選択"
    },
    {
        "name": "move_left",
        "key": ["h", "Ctrl(+)h", "BkSpace", "Left"],
        "cmd": [],
        "en": "Move Cursor Left",
        "ja": "左へカーソル移動"
    },
    {
        "name": "move_right",
        "key": ["l", " ", "Right"],
        "cmd": [],
        "en": "Move Cursor Right",
        "ja": "右へカーソル移動"
    },
    {
        "name": "move_up",
        "key": ["k", "-", "g->k", "Ctrl(+)p", "Up"],
        "cmd": [],
        "en": "Move Cursor Up",
        "ja": "上へカーソル移動"
    },
    {
        "name": "move_down",
        "key": ["j", "+", "g->j", "Ctrl(+)j", "Ctrl(+)n", "Down", "Enter", "Ctrl(+)m"],
        "cmd": [],
        "en": "Move Cursor Down",
        "ja": "下へカーソル移動"
    },
    {
        "name": "jump_to_left",
        "key": ["0", "^", "Home", "g->0", "g->^"],
        "cmd": [],
        "en": "Jump Cursor to Left",
        "ja": "左端へカーソル移動"
    },
    {
        "name": "jump_to_right",
        "key": ["$", "End", "g->$"],
        "cmd": [],
        "en": "Jump Cursor to Right",
        "ja": "右端へカーソル移動"
    },
    {
        "name": "jump_to_top",
        "key": ["g->g"],
        "cmd": [],
        "en": "Jump Cursor to Top",
        "ja": "上端へカーソル移動"
    },
    {
        "name": "jump_to_bottom",
        "key": ["G"],
        "cmd": [],
        "en": "Jump Cursor to Bottom",
        "ja": "下端へカーソル移動"
    },
    {
        "name": "jump_to_xcenter",
        "key": ["g->m", "g->M"],
        "cmd": [],
        "en": "Jump Cursor to Horizontal Center",
        "ja": "横中央へカーソル移動"
    },
    {
        "name": "jump_to_ycenter",
        "key": ["M"],
        "cmd": [],
        "en": "Jump Cursor to Vertical Center",
        "ja": "縦中央へカーソル移動"
    },
    {
        "name": "jump_to_any",
        "key": ["f", "F"],
        "cmd": [],
        "en": "Jump Cursor by Keyboard Mapping",
        "ja": "キー配置でカーソル移動"
    },
    {
        "name": "jump_to_active_window",
        "key": ["t", "T"],
        "cmd": [],
        "en": "Jump Cursor to Selected Window",
        "ja": "選択ウィンドウへカーソル移動"
    },
    {
        "name": "scroll_up",
        "key": ["Ctrl(+)y"],
        "cmd": [],
        "en": "Scroll Up",
        "ja": "上スクロール"
    },
    {
        "name": "scroll_down",
        "key": ["Ctrl(+)e"],
        "cmd": [],
        "en": "Scroll Down",
        "ja": "下スクロール"
    },
    {
        "name": "scroll_mid_up",
        "key": ["Ctrl(+)u"],
        "cmd": [],
        "en": "Scroll Half Page Up",
        "ja": "上スクロール(ページ半分)"
    },
    {
        "name": "scroll_mid_down",
        "key": ["Ctrl(+)d"],
        "cmd": [],
        "en": "Scroll Half Page Down",
        "ja": "下スクロール(ページ半分)"
    },
    {
        "name": "scroll_page_up",
        "key": ["Ctrl(+)b"],
        "cmd": [],
        "en": "Scroll Page Up",
        "ja": "上スクロール(1ページ分)"
    },
    {
        "name": "scroll_page_down",
        "key": ["Ctrl(+)f"],
        "cmd": [],
        "en": "Scroll Page Down",
        "ja": "下スクロール(1ページ分)"
    },
    {
        "name": "scroll_left",
        "key": ["z->h", "z(+)h"],
        "cmd": [],
        "en": "Scroll Left",
        "ja": "左スクロール"
    },
    {
        "name": "scroll_right",
        "key": ["z->l", "z(+)l"],
        "cmd": [],
        "en": "Scroll Right",
        "ja": "右スクロール"
    },
    {
        "name": "scroll_mid_left",
        "key": ["z->H", "z(+)H"],
        "cmd": [],
        "en": "Scroll Half Page Left",
        "ja": "左スクロール(ページ半分)"
    },
    {
        "name": "scroll_mid_right",
        "key": ["z->L", "z(+)L"],
        "cmd": [],
        "en": "Scroll Half Page Right",
        "ja": "右スクロール(ページ半分)"
    },
    {
        "name": "click_left",
        "key": ["o", "O"],
        "cmd": [],
        "en": "Left Click",
        "ja": "左クリック"
    },
    {
        "name": "click_right",
        "key": ["a", "A"],
        "cmd": [],
        "en": "Right Click",
        "ja": "右クリック"
    },
    {
        "name": "cb_copy",
        "key": ["y", "y->y", "Y"],
        "cmd": [],
        "en": "Copy",
        "ja": "コピー"
    },
    {
        "name": "cb_paste",
        "key": ["p", "P"],
        "cmd": [],
        "en": "Paste",
        "ja": "貼り付け"
    },
    {
        "name": "cb_cut",
        "key": ["d->d", "D"],
        "cmd": [],
        "en": "Cut",
        "ja": "切り取り"
    },
    {
        "name": "cb_delete",
        "key": ["x", "Delete"],
        "cmd": [],
        "en": "Delete",
        "ja": "削除"
    },
    {
        "name": "cb_back_space",
        "key": ["X"],
        "cmd": [],
        "en": "BackSpace",
        "ja": "バックスペース"
    },
    {
        "name": "sc_redo",
        "key": ["Ctrl(+)r"],
        "cmd": [],
        "en": "Redo",
        "ja": "やり直す"
    },
    {
        "name": "sc_undo",
        "key": ["u", "U"],
        "cmd": [],
        "en": "Undo",
        "ja": "元に戻す"
    },
    {
        "name": "switch_to_left_vdesktop",
        "key": ["Ctrl(+)v->h"],
        "cmd": [],
        "en": "Switch to Left Virtual Desktop",
        "ja": "左の仮想デスクトップへ切替"
    },
    {
        "name": "switch_to_right_vdesktop",
        "key": ["Ctrl(+)v->l"],
        "cmd": [],
        "en": "Switch to Right Virtual Desktop",
        "ja": "右の仮想デスクトップへ切替"
    },
    {
        "name": "create_new_vdesktop",
        "key": ["Ctrl(+)v->n", "Ctrl(+)->c"],
        "cmd": [],
        "en": "Create New Virtual Desktop",
        "ja": "新しい仮想デスクトップを作成"
    },
    {
        "name": "close_current_vdesktop",
        "key": ["Ctrl(+)v->q"],
        "cmd": [],
        "en": "Close Current Virtual Desktop",
        "ja": "現在の仮想デスクトップを閉じる"
    },
    {
        "name": "task_view",
        "key": ["Ctrl(+)v->s"],
        "cmd": ["taskview", "tv", "vdesktop list"],
        "en": "Task View",
        "ja": "タスクビュー"
    },
    {
        "name": "switch_to_left_tab",
        "key": ["g->T"],
        "cmd": [],
        "en": "Switch to Left Tab",
        "ja": "左のタブへ切替"
    },
    {
        "name": "switch_to_right_tab",
        "key": ["g->t"],
        "cmd": [],
        "en": "Switch to Right Tab",
        "ja": "右のタブへ切替"
    },
    {
        "name": "search_pattern",
        "key": ["/", "?"],
        "cmd": [],
        "en": "Search Pattern",
        "ja": "文字検索"
    },
    {
        "name": "close_current_window",
        "key": ["Ctrl(+)w->q", "Ctrl(+)w->c"],
        "cmd": ["cl", "close"],
        "en": "Close Current Window",
        "ja": "ウィンドウを閉じる"
    },
    {
        "name": "switch_window",
        "key": ["Ctrl(+)w->s"],
        "cmd": ["sw", "switch"],
        "en": "Switch Window",
        "ja": "ウィンドウを切替"
    },
    {
        "name": "maximize_current_window",
        "key": ["Ctrl(+)w->k", "Ctrl(+)w->a"],
        "cmd": ["max", "on", "only"],
        "en": "Maximize Current Window",
        "ja": "ウィンドウを最大化"
    },
    {
        "name": "minimize_current_window",
        "key": ["Ctrl(+)w->j", "Ctrl(+)w->i"],
        "cmd": ["min", "hi", "hide"],
        "en": "Minimize Current Window",
        "ja": "ウィンドウを最小化"
    },
    {
        "name": "snap_current_window_to_left",
        "key": ["Ctrl(+)w->h", "Ctrl(+)w-><", "Ctrl(+)w->Left"],
        "cmd": ["lsplit"],
        "en": "Snap Current Window to Left",
        "ja": "ウィンドウを画面左半分化"
    },
    {
        "name": "snap_current_window_to_right",
        "key": ["Ctrl(+)w->l", "Ctrl(+)w->>", "Ctrl(+)w->Right"],
        "cmd": ["rsplit"],
        "en": "Snap Current Window to Right",
        "ja": "ウィンドウを画面右半分化"
    },
    {
        "name": "open_new_current_window",
        "key": ["Ctrl(+)w->n"],
        "cmd": ["new"],
        "en": "Open New Window",
        "ja": "新しいウィンドウを開く"
    },
    {
        "name": "move_to_next_page",
        "key": [">"],
        "cmd": [],
        "en": "Forward Next Page",
        "ja": "次のページへ進む"
    },
    {
        "name": "move_to_prev_page",
        "key": ["<"],
        "cmd": [],
        "en": "Backward Previous Page",
        "ja": "前のページへ戻る"
    },
    {
        "name": "change_to_edi_normal",
        "key": ["Esc"],
        "cmd": [],
        "en": "[E] Normal Mode",
        "ja": "[E] ノーマルモード"
    },
    {
        "name": "change_to_edi_insert",
        "key": ["i"],
        "cmd": [],
        "en": "[E] Insert before Caret",
        "ja": "[E] キャレットの前に挿入"
    },
    {
        "name": "change_to_edi_BOLinsert",
        "key": ["I", "g->I"],
        "cmd": [],
        "en": "[E] Insert BOL",
        "ja": "[E] 行頭に挿入"
    },
    {
        "name": "change_to_edi_bkinsert",
        "key": ["a"],
        "cmd": [],
        "en": "[E] Append after Caret",
        "ja": "[E] キャレットの後に追加"
    },
    {
        "name": "change_to_edi_EOLinsert",
        "key": ["A"],
        "cmd": [],
        "en": "[E] Append EOL",
        "ja": "[E] 行末に追加"
    },
    {
        "name": "change_to_edi_nlinsert_below",
        "key": ["o"],
        "cmd": [],
        "en": "[E] Begin New Line below Caret",
        "ja": "[E] 次の行に新しい行を挿入"
    },
    {
        "name": "change_to_edi_nlinsert_above",
        "key": ["O"],
        "cmd": [],
        "en": "[E] Begin New Line above Caret",
        "ja": "[E] 前の行に新しい行を挿入"
    },
    {
        "name": "change_to_edi_visual",
        "key": ["v", "Ctrl(+)v"],
        "cmd": [],
        "en": "[E] Visual Mode",
        "ja": "[E] ヴィジュアルモード"
    },
    {
        "name": "change_to_edi_line_visual",
        "key": ["V"],
        "cmd": [],
        "en": "[E] Visual-Line Mode",
        "ja": "[E] ヴィジュアルモード(行)"
    },
    {
        "name": "edi_move_caret_left",
        "key": ["h", "Ctrl(+)h", "BkSpace", "Left"],
        "cmd": [],
        "en": "[E] Move Caret Left",
        "ja": "[E] 左へキャレット移動"
    },
    {
        "name": "edi_move_caret_right",
        "key": ["l", "Space", "Right"],
        "cmd": [],
        "en": "[E] Move Caret Right",
        "ja": "[E] 右へキャレット移動"
    },
    {
        "name": "edi_move_caret_up",
        "key": ["k", "-", "g->k", "Ctrl(+)P", "Up"],
        "cmd": [],
        "en": "[E] Move Caret Up",
        "ja": "[E] 上へキャレット移動"
    },
    {
        "name": "edi_move_caret_down",
        "key": ["j", "+", "g->j", "Ctrl(+)j", "Ctrl(+)n", "Down", "Enter", "Ctrl(+)m"],
        "cmd": [],
        "en": "[E] Move Caret Down",
        "ja": "[E] 下へキャレット移動"
    },
    {
        "name": "edi_n_move_caret_words_forward",
        "key": ["w"],
        "cmd": [],
        "en": "[E] N-words Forward",
        "ja": "[E] 次の単語へ進む"
    },
    {
        "name": "edi_n_move_caret_words_backward",
        "key": ["b"],
        "cmd": [],
        "en": "[E] N-words Backward",
        "ja": "[E] 前の単語へ戻る"
    },
    {
        "name": "edi_n_move_caret_WORDS_forward",
        "key": ["W"],
        "cmd": [],
        "en": "[E] N-WORDS Forward",
        "ja": "[E] 次の単語へ進む(空白ベース)"
    },
    {
        "name": "edi_n_move_caret_WORDS_backward",
        "key": ["B"],
        "cmd": [],
        "en": "[E] N-WORDS Backward",
        "ja": "[E] 前の単語へ戻る(空白ベース)"
    },
    {
        "name": "edi_jump_caret_to_BOL",
        "key": ["0", "Home", "g->0"],
        "cmd": [],
        "en": "[E] Jump Caret to BOL",
        "ja": "[E] 行頭へキャレット移動"
    },
    {
        "name": "edi_jump_caret_to_EOL",
        "key": ["$", "End", "g->$"],
        "cmd": [],
        "en": "[E] Jump Caret to EOL",
        "ja": "[E] 行末へキャレット移動"
    },
    {
        "name": "edi_n_jump_caret_to_line_default_BOF",
        "key": ["g->g"],
        "cmd": [],
        "en": "[E] Jump Caret to N-Line (BOF)",
        "ja": "[E] N行目にキャレット移動 (BOF)"
    },
    {
        "name": "edi_n_jump_caret_to_line_default_EOF",
        "key": ["G"],
        "cmd": [],
        "en": "[E] Jump Caret to N-Line (EOF)",
        "ja": "[E] N行目にキャレット移動 (EOF)"
    },
    {
        "name": "edi_copy_highlight_text",
        "key": ["y"],
        "cmd": [],
        "en": "[E] Yank Highlighted Text",
        "ja": "[E] 選択テキストをヤンク"
    },
    {
        "name": "edi_n_copy_line",
        "key": ["y->y", "Y"],
        "cmd": [],
        "en": "[E] Yank Lines",
        "ja": "[E] 行ヤンク"
    },
    {
        "name": "edi_n_paste_after",
        "key": ["p"],
        "cmd": [],
        "en": "[E] Put Text after Caret",
        "ja": "[E] 後にプット"
    },
    {
        "name": "edi_n_paste_before",
        "key": ["P"],
        "cmd": [],
        "en": "[E] Put Text before Caret",
        "ja": "[E] 前にプット"
    },
    {
        "name": "edi_delete_highlight_text",
        "key": ["d"],
        "cmd": [],
        "en": "[E] Delete Highlighted Text",
        "ja": "[E] 選択テキストを削除"
    },
    {
        "name": "edi_n_delete_line",
        "key": ["d->d"],
        "cmd": [],
        "en": "[E] Delete Lines",
        "ja": "[E] 行削除"
    },
    {
        "name": "edi_n_delete_line_until_EOL",
        "key": ["D"],
        "cmd": [],
        "en": "[E] Delete Text until EOL",
        "ja": "[E] 行末まで削除"
    },
    {
        "name": "edi_n_delete_after",
        "key": ["x", "Delete"],
        "cmd": [],
        "en": "[E] Delete Chars after Caret",
        "ja": "[E] 次の文字を削除"
    },
    {
        "name": "edi_n_delete_before",
        "key": ["X"],
        "cmd": [],
        "en": "[E] Delete Chars before Caret",
        "ja": "[E] 前の文字を削除"
    },
    {
        "name": "edi_n_remove_EOL",
        "key": ["J"],
        "cmd": [],
        "en": "[E] Join Next Line",
        "ja": "[E] 次の行を行末に結合"
    },
    {
        "name": "edi_n_replace_char",
        "key": ["r"],
        "cmd": [],
        "en": "[E] Replace Char",
        "ja": "[E] 置換"
    },
    {
        "name": "edi_n_replace_sequence",
        "key": ["R"],
        "cmd": [],
        "en": "[E] Replace Sequences",
        "ja": "[E] 置換モード"
    },
    {
        "name": "save_opened_file",
        "key": [],
        "cmd": ["w", "w_f", "w_a", "w_c", "up", "wall"],
        "en": "Save File",
        "ja": "ファイルを保存"
    },
    {
        "name": "close_opened_file",
        "key": [],
        "cmd": ["q", "qa", "q!", "qa!"],
        "en": "Close Document(Tab)",
        "ja": "ドキュメント(タブ)を閉じる"
    },
    {
        "name": "start_shell",
        "key": [],
        "cmd": ["sh", "shell", "terminal", "term"],
        "en": "Start Shell",
        "ja": "ターミナル起動"
    },
    {
        "name": "start_any_app",
        "key": [],
        "cmd": ["!*"],
        "en": "Start App",
        "ja": "任意のアプリを実行"
    },
    {
        "name": "show_config_window",
        "key": [],
        "cmd": ["set", "config"],
        "en": "Config of win-vind",
        "ja": "win-vindの設定"
    },
    {
        "name": "exit_config_window",
        "key": [],
        "cmd": ["exit"],
        "en": "Exit win-vind",
        "ja": "win-vindを終了する"
    },
    {
        "name": "open_other_file",
        "key": [],
        "cmd": ["find", "e", "e!", "open", "edit", "edit!"],
        "en": "Open Other File",
        "ja": "ファイルを開く"
    }
   , {
        "name": "make_dir",
        "key": [],
        "cmd": ["mkdir", "md", "mkdir *", "md *"],
        "en": "Make Directory",
        "ja": "ディレクトリ作成"
    },
    {
        "name": "reload_current_window",
        "key": [],
        "cmd": ["reload"],
        "en": "Reload Current Window",
        "ja": "ウィンドウを再読み込み"
    },
    {
        "name": "enable_targeting_of_dedicate_to_window",
        "key": ["LAlt->LAlt", "F2"],
        "cmd": ["enable d2w", "e d2w", "target", "d2w on", "set d2w"],
        "en": "Enable Targeting",
        "ja": "ターゲティングの有効化"
    },
    {
        "name": "disable_targeting_of_dedicate_to_window",
        "key": ["RAlt->RAlt", "F10"],
        "cmd": ["disable d2w", "d d2w", "untarget", "d2w off", "unset d2w"],
        "en": "Disable Targeting",
        "ja": "ターゲティングの無効化"
    }
]
